Text,Link
‚≠êÔ∏è A$AP Rocky,https://docs.google.com/spreadsheets/d/1safK4FsrrdxRL5PEF_s-GibgVvyOlTpzx73Mbv-gFFw/edit
‚≠êÔ∏èAriana Grande,https://docs.google.com/spreadsheets/d/1NPSgr4UzKl2-uwUMfxfnngM683NCqLMvm8ldExEjF6M/edit
‚≠ê Baby Keem,https://docs.google.com/spreadsheets/d/1-FxUYaxBqav0G6txAAixy7bhTGs86sItN_0_F8ekeKQ/edit
‚≠ê Billie Eilish,https://docs.google.com/spreadsheets/d/1xwS_bEbYRSy1aVs0qE92BMMlXjAipP1pDekP5VPHz-g/edit
‚≠ê Billie Eilish [Alt #1],https://docs.google.com/spreadsheets/d/1wS3D9gHB79NE7LrjEF3DXUxJzfex8VbkY0-1p2aV5Ew/edit
‚≠ê Charli XCX,https://docs.google.com/spreadsheets/d/1CPS-eYOvFW-TncZblCyOzo0fTcvNJ2-yFt-Qmteg0H0/edit?usp=sharing
‚≠ê Chief Keef,https://docs.google.com/spreadsheets/d/1oDE9gTnEG7ufPQIOMjLTegfI47qtgNCxngmxxHZL4qA/edit
‚≠ê Childish Gambino,https://docs.google.com/spreadsheets/d/1eyBjj7qPxIT_P93RaSPZf5hTJemGi5jMqSJF777OsdE/edit
‚≠ê Destroy Lonely,https://docs.google.com/spreadsheets/d/1J16EyxHqZD4m0VZ6g6SoY_1GC21TU7P2kk9FeteSKvE/edit?gid=2018221909
‚≠êÔ∏è Doja Cat,https://docs.google.com/spreadsheets/d/1_NwxP5mGGEj7stY0Dr_hI_Pb4m8LBIyt3Cb-OoTJPtc/edit
‚≠êÔ∏è Don Toliver,https://docs.google.com/spreadsheets/d/1b3kzo8hF6K5odTJIjoMEtV3qrw7g5rG_zW25K66UWEY/edit?gid=0
‚≠êÔ∏è Drake,https://docs.google.com/spreadsheets/d/1hbMpsZTravgTgLny76rqq04RbsYJBHBJtmBz1sT013k/edit
‚≠êÔ∏è Eminem,https://docs.google.com/spreadsheets/d/1x9tTOOqH5WpKOoptdQzABSN_x8oZbMgzIGlGH9w1IKA/edit?pli=1&gid=1792554832
‚≠ê Frank Ocean,https://docs.google.com/spreadsheets/d/1wlztKH_bwoTDtMZFm8-lYqzZWLCGf-XqE-gea-nGR0Y/edit
 ‚≠êGucci Mane,https://docs.google.com/spreadsheets/d/1F-0vYFU1_F3IdZTAN5-H0YWvzhW88vg95AmVxZxoCEM/edit?gid=1792554832
‚≠ê Homicide Gang (HXG),https://docs.google.com/spreadsheets/d/1aV3a93VN65LvdbFwgYrL-ClFNjOlYQ7jCz6WxTeIHnA/edit?gid=414030654
‚≠ê J. Cole,https://docs.google.com/spreadsheets/d/1hjMtB-acUEpXYkR6TWQVeVoUzSLrAVIdy1lMoM6aFFw/edit
‚≠ê Jay-Z,https://docs.google.com/spreadsheets/d/18GwItf2M92QimNMAbUCfFsxCkiHlkf8DPJPLWHAcoxQ/edit?gid=1202580443
‚≠êÔ∏è Joji / Pink Guy,https://docs.google.com/spreadsheets/d/1FPlWbXnx94y5FODJ2qniLf0BzViNSAmj6Xdfw1ZNwQ4/edit
‚≠ê Juice WRLD,https://docs.google.com/spreadsheets/d/1DlEBHD-Fnqd5FE3UUIyThdqcBADkpJb0R3paqHbi90w/edit
‚≠ê Kanye West,https://docs.google.com/spreadsheets/d/1gcxroOyDGXgiQlqn8pGsNmWO6RLlmJ3I-kX8t59Mue4/edit
‚≠êÔ∏è Ken Carson,https://docs.google.com/spreadsheets/d/1OARID98xCqRaBr8gyQCvI3aD4jKQDGgtedyRaiP_pyo/edit?gid=300172461
‚≠ê Kendrick Lamar,https://docs.google.com/spreadsheets/u/1/d/1RL5d8uSUfm4TH7u7himgbKS5UxzVN3D57T2cIpKDtNI/edit
‚≠êÔ∏è Kid Cudi,https://docs.google.com/spreadsheets/d/1fj9HcbyLbu5NGwJzbl1lExQud3FNKv-JUU6NY4OKM9Y/edit?usp=sharing
‚≠ê Lil Nas X,https://docs.google.com/spreadsheets/d/1_9MGewuG666HA1KSnqjDRZyK18BRAdxRK7yUqxHOGLE/edit
‚≠ê Lil Tecca,https://docs.google.com/spreadsheets/d/15UwihAVwPeS6eIE1FE1J6v7xiBYFkculVrzhMSIcEew/edit?gid=0
‚≠ê Lil Uzi Vert,https://docs.google.com/spreadsheets/d/1zqqdIds1iwnx4lh29iF1IlraeuqfGhxH9qLNlWOnryo/edit?gid=1160569231
‚≠êLil Yachty,https://docs.google.com/spreadsheets/d/1HNCx_ZnSuU2D6OTO8gI4OIt9xeJAUH550uY4ww0sWdc/edit?usp=sharing
‚≠êÔ∏è LUCKI,https://docs.google.com/spreadsheets/d/1zoRNpy7Lvr-JzPqtQLLWRVVDbgKygpBaDf4cC-Lt6k4/edit
‚≠êÔ∏è Mac Miller,https://docs.google.com/spreadsheets/d/1g3ejWlQNOiPz6lkquTXNAb6Vk3pnCH88eGmIHqXC2mw/edit?gid=1466156873
‚≠ê MF DOOM,https://docs.google.com/spreadsheets/u/1/d/1zEbzMVXFXzuY4wLdPvdQA23lb3RwCSOKqWtHsllXNk8/edit?usp=drivesdk
‚≠ê Nettspend,https://docs.google.com/spreadsheets/d/1ObIUgWL_3jnZ-1eoRqNXuhOoWr9QgQ98WyqKqWEg6Ko/edit?gid=94173821
‚≠ê Oliver Tree,https://docs.google.com/spreadsheets/d/1rhvQ9F8VRAj-jOyTLsvhORsVCyvcMRXJuGoDR1-z4jY/edit
 ‚≠êOsamaSon,https://docs.google.com/spreadsheets/d/1EY8jO0hOALIUP76HGL_Jf6aqwRA9qc2cT_SLZhqjH6E/edit?gid=585347098
‚≠êÔ∏è Pharrell Williams,https://docs.google.com/spreadsheets/d/1guNCg4c5AOuKjNJcxM14wPrU5xgqv7GBXHv1_nDeyss/edit
‚≠êÔ∏è Playboi Carti,https://docs.google.com/spreadsheets/d/1rAU0sktd1GKpqo_AAWBtkXy10Px3BB_dnK9yJoN0umw/edit
‚≠ê Pop Smoke,https://docs.google.com/spreadsheets/d/1-Kd8molYeR1WpmWR81DqmSCGng3g-AVmZfgd752kh3M/edit
‚≠ê Radiohead,https://docs.google.com/spreadsheets/d/1OUNNIFtTigm4XvJNMIFZP9kaTvmvBit6Yy43lZXGYQc/edit?gid=0
‚≠ê Rihanna,https://docs.google.com/spreadsheets/d/1HMqjw55sCPUGyI_UBc-JcO881FHzUTX08NvQY9oa61k/edit?gid=415494178
 ‚≠êSabrina Carpenter,https://docs.google.com/spreadsheets/d/1nMD75Ubegv2mIKS2cBgqN1hA3j0cH7rVU6G0PpVgDl4/edit?gid=306146520
‚≠ê Sampha,https://docs.google.com/spreadsheets/d/1Lyqc9CH9MPsdRb5ISk5NCWO3LMezLFTq7RFAthenOA0/edit?usp=sharing
‚≠ê Selena Gomez,https://docs.google.com/spreadsheets/d/10NdIn1iVdHxt0XbZmssh7pw7p7bsbFML6hwDIF4hMvU/edit
‚≠êÔ∏è Shawn Mendes,https://docs.google.com/spreadsheets/d/1AXukDK3k5Est81hchg8Rsc_BL3Mz7DfP45rAQCgiIsc/edit
‚≠êÔ∏è Ski Mask the Slump God,https://docs.google.com/spreadsheets/d/1j7_2JVQ2eyaVA6vEQT89R8XhOXUR8KTJbVgTUm_ZD88/edit
‚≠ê Slowdive,https://docs.google.com/spreadsheets/d/1ZuhpJKkFe5saYfftrsqEhgB2a5jT1adFNjNQwdDUZPw/edit?gid=1290736512
‚≠êÔ∏è Steve Lacy,https://docs.google.com/spreadsheets/d/1Ts7m74Qhnqy_50l2dLUWpAa0rVswvTuR9o1IJNEliSk/edit?usp=sharing
‚≠êÔ∏è Summrs,https://docs.google.com/spreadsheets/d/13yCSXxHCBhNGzO6kBGr_MMmRDNLu9j4X10vn_CSBuG4/edit?gid=306146520
‚≠êÔ∏è SZA,https://docs.google.com/spreadsheets/d/1JIx2n6x0TQCftUa5MFrfqU-XhAq2C5jqpmj6KTEoaXU/edit?gid=0
‚≠êÔ∏èTate McRae,https://docs.google.com/spreadsheets/d/18sMZnU-vRh-NWAiUfXKR_JhcpCQ8_JqFVUoHozB5EYg/edit?pli=1&gid=306146520
‚≠ê Taylor Swift,https://docs.google.com/spreadsheets/d/1btegn2JNZDnuOovmeQrtoUZbT7kz4oQsFVoYcmHVQXY/edit?gid=605928519
‚≠ê The Weeknd,https://docs.google.com/spreadsheets/d/1oVbHDhR5vMFr1OCZFE6saCnRdRIcbqmUMqQBJiIKb_Q/edit
‚≠êÔ∏è Travis Scott,https://docs.google.com/spreadsheets/d/1n15Im4plMmRLhLSOduP7_Q92BAuihVUtS4lDQLPpHbk/edit
‚≠êÔ∏è Trippie Redd,https://docs.google.com/spreadsheets/d/1hZdGFBZmukWGH4IlnH0NJvphwEct2XEMJT_moTFhTvc/edit?gid=186410966
‚≠êÔ∏èTy Dolla $ign,https://docs.google.com/spreadsheets/d/1bo-3-xJuqPTqbVxwpezUPW6YO83xV0OMP-6bMzey3ns/edit?pli=1&gid=2000110692
"‚≠êÔ∏è Tyler, The Creator",https://docs.google.com/spreadsheets/d/1j4u95WiI9Zdv1T8_9M4RTb7Kkn5RjBZGoX-3v-8WFvw/edit?usp=sharing
‚≠ê Wu-Tang Clan,https://docs.google.com/spreadsheets/d/1dA2h1kQffOmUUeCy6YMu8IYdGGqnhnWuabKdK7emyyU/edit?gid=1275210512
‚≠êÔ∏è XXXTENTACION,https://docs.google.com/spreadsheets/d/1wKq7lSERmXYutRFxipNbFFc-DUdqhVXWWlFnqkzwRFA/edit?usp=sharing
‚≠ê Yeat,https://docs.google.com/spreadsheets/d/1FUzAZyTCgFTVxQ--qbCAS2bUk4dsAw6ASxwjURPHbyI
‚≠êÔ∏èYoung Thug,https://docs.google.com/spreadsheets/d/12zc2reK5y8XP6SQhv1ujQtiG9VpJy7yDWwDuE-S-wpc/edit?gid=0
‚≠êÔ∏è Yung Lean,https://docs.google.com/spreadsheets/d/1bAAb6E7_r-9TWlHuKY_re-KZwU2yt_3tbWGTZcKu_Wc/edit?gid=0
‚≠êÔ∏è Yuno Miles,https://docs.google.com/spreadsheets/d/1i0OISTGJvNe3vc6TKpO7vRtMJ2Re0y64eAwi1F5y26c/edit
ü§ñ AI Models,https://docs.google.com/spreadsheets/d/1qzeFdpUPr7E0jOFwWSXd8LF30ZLjz1CSVEBiG8gPHTU/edit
ü§ñ Lawson,https://docs.google.com/spreadsheets/d/1KDY06JO-n9DebhdUE_w_ufk93wSaelRJs6XlqzE19IU/edit?gid=1852690675
$uicideBoy$,https://docs.google.com/spreadsheets/d/17EjN1Q4F-FcKGWmZcjDYtCHk9VxwbHVhSrNyzxIb3xk/edit
1300SAINT,https://docs.google.com/spreadsheets/d/1TvXnwx_Gvwv16jtfg8plL8OBgt0T54Et9qNiMA-Aj2k/edit?usp=drivesdk
1oneam,https://docs.google.com/spreadsheets/d/1rtdjPkpufclNbMl5fI8sFqv1wDujz_LExp-Z-2yWubU/edit?usp=sharing
2Pac,https://docs.google.com/spreadsheets/d/162700v9WXnlARzwp49s2h_fGHOGZGT6BgvbRuaNsq0Q/edit
21 Savage,https://docs.google.com/spreadsheets/d/1JpuQcs_H2BsuHi-Xjsdh6IID0hqwJ3Kwie90WZOXuxs/edit?usp=sharing
24kGoldn,https://docs.google.com/spreadsheets/d/1EnVfwL51_-bS8Ts5ZLsev__dPyamxdMv2ak8uwPvTUA/edit
6Vib3z,https://docs.google.com/spreadsheets/d/1Gk4Xacaw_IeqqcBm_1M_p4Gx3siGoIlwUp8d7hSnrAI/edit
6LACK,https://docs.google.com/spreadsheets/d/1eOpb5vJGKhPthHDblR5MWletHPpH3HZEEO9pvy_3ypE/edit
A$AP Ferg,https://docs.google.com/spreadsheets/d/1eR9EWx7g_W4SpzR4938NmGBj-ygk1a6J8XArjKj2stY/edit
A$AP Rocky [Alt],https://docs.google.com/spreadsheets/u/1/d/1EpcXmSimueG1v3QZKzQCf7HvAxCxVJAgpHjfgrnmnIU/edit
Aaliyah,https://docs.google.com/spreadsheets/d/1QJR4Ku4Si5kLUL1P_vi9hCkkjDQvDWqafWiYc1v_Z8E/edit?gid=0
Addison Rae,https://docs.google.com/spreadsheets/d/1hpXEs1Oyc2kQvP93oDOarBQMcIbTz0VXH8iHVPjjQVE/edit?gid=306146520
Addison Rae [Alt #1],https://docs.google.com/spreadsheets/u/3/d/1PV15r6OaScF7A7znOwL5BW_LZ8tZhroeASLFPiKY9qw/htmlview
Ameer Vann,https://docs.google.com/spreadsheets/d/1MVBKTgkGvxpQfptCBHOYVIjlnLARRS4hVnd7tipkPl4/edit?usp=sharing
Andre 3000/Outkast,https://docs.google.com/spreadsheets/d/1GH87oWsiQezDEkXDjq9kya1yRK-2WkWXPnYReRpMvjA/edit?gid=2046246281
Ant Clemons,https://docs.google.com/spreadsheets/d/1r3hjoNlAag_fv6Pby7-srz74KCTLWDZbSqOjnjmJd4Y/edit
Arca,https://docs.google.com/spreadsheets/d/19FvRIlVG3J-H5WtxHry7CwB0VZ8JRJaJDlBpDKMGk04/edit
Ariana Grande [Alt],https://docs.google.com/spreadsheets/u/0/d/1-O0FcDsotNfH2lWs6iESqtSTUaO6g-eDx8DWtPePL0w/htmlview
Aries,https://docs.google.com/spreadsheets/d/1EqhVlcb0vWcvYCPuH_zcHhZUUzl6osK9w4Pd61_qjEA/edit
Ashley Tisdale,https://docs.google.com/document/d/e/2PACX-1vRe1aYoNvshKna8cQUmVSEQku2cko2tflJTYwpJBpqBxfxDIY2I6xWypDARNDqfo_atWmqsLQ152dd0/pub?embedded=true
Ashnikko,https://docs.google.com/spreadsheets/d/1_u4QwBwudX9sJQBULs3fGw_RQqEdusSc2DbZrJ5geNw/edit?gid=147924297
ATEYABA,https://docs.google.com/spreadsheets/d/1CTPLBV3vNQffUySGzo1F4JqI03DdhtqBf_lcekckc9s/edit?gid=2006526517
Aurora,https://docs.google.com/spreadsheets/d/1JEdMm2can97WcLx1_J7xoX2m7vtJvM0BZFvvD6fkOeA/edit?usp=drivesdk
Autumn!,https://docs.google.com/spreadsheets/d/1agKp0OhugMnCFrZ1sPt4ipdhGHRTdgyLUiDb344XZQY/edit
Ava Max,https://docs.google.com/spreadsheets/d/1NatDlsMp3tw5rP8kKT1YmqJAa_G-nvRxwiY9eAUNztw/edit
Ava Max [Alt],https://docs.google.com/spreadsheets/d/1EfPL9-t3ncvmlwMWI1FUi--HiDaB2sTRF5V85Zyrqkk/edit
Avicii,https://docs.google.com/spreadsheets/d/1eRRDzWDa01hT1P9wEYnOwkNihCkoCOfdh8vF6_OPQ34/edit?usp=sharing
Ayesha Erotica,https://docs.google.com/spreadsheets/d/17rGUQ3k3PZtRLeD6hxCxfp5iVLlId7Xr4zFD41sKZ4M/edit
Azealia Banks,https://docs.google.com/spreadsheets/d/1zbIENx3BG4yNIn_bNbn1oHRgYweLVXorvSUCldpqwoI/edit?gid=572928699
Baby Keem [Alt],https://docs.google.com/spreadsheets/d/15tzuMMTZWTsl-n6GQCWYYSgFaaE9o5CuS37F27lxVRI/edit
Bad Bunny,https://docs.google.com/spreadsheets/d/1fnP6ntFsxbVE0cYAShOpE-D1e-EoAomt2sNcgMu4jkg/edit?gid=985894182
Bebe Rexha,https://docs.google.com/spreadsheets/u/0/d/1G_2MUDtiMS5KEfesqIg5gVnSnfpH-1CP/htmlview
Beyonc√© & Destiny's Child,https://docs.google.com/spreadsheets/d/1j-dbqoDK6muD2wtXoYNzN5eKPXDy1gjnZ7S4m6dhvZI/edit?usp=sharing
Beyonc√© [Alt],https://docs.google.com/spreadsheets/d/1uuF4cextoP3D4cLTe4ekxXEsjfAGfDo6EKlejqzxXSk/edit
BIG L,https://docs.google.com/spreadsheets/d/1j77GozozsmEn48n1-EjLoYP46tUXvK3Ocx79urfnjLk/edit?usp=sharing
Big Sean,https://docs.google.com/spreadsheets/d/1IXtjgyqJyrM0oMJM2laH2kosdIYMbbHGGHUqHfVgPuE/edit
Big Time Rush,https://docs.google.com/spreadsheets/d/1dG9R8pS56qu6z4b9doOTWMN_uatsaECSbcA850FqTGA/edit
Billie Eilish [Alt #2],https://docs.google.com/spreadsheets/d/1T1wSkLkey-ijxPC_rfwXrQfUe8AwfxOoTp2BY3UmFvI/edit
BLACKPINK,https://docs.google.com/spreadsheets/d/1eDyaVS7_db9w--D3erORgXswXTtv9yD0K0BFxjVLEp4/edit?usp=sharing
Black Kray,https://docs.google.com/spreadsheets/d/1EqiP9dCrOx2KYeEyka-4gI1v2DmxXl4VixRiHqnbXfM/edit?gid=0
Bladee,https://docs.google.com/spreadsheets/u/0/d/1skAByFoveXb7PussjJWUBnyl5H8K79LoNpLslRTttNU/htmlview
Blood Orange,https://docs.google.com/spreadsheets/d/14PqnpEv-BCyidKmFcVY8aEvhfGO2EMdGHQ_YV-IlEuo/edit?gid=944094987
Bon Iver,https://docs.google.com/spreadsheets/d/1M_0MVQOEitqd4lWmSKkfnt0l8BXllqVl9JETtt975fQ/edit?gid=657880121
Bonnie Mckee,https://docs.google.com/spreadsheets/d/1YHAecEbAFcbHmEvuH9x0VUx9w0mQf7P06FxOvDX2caA/edit?gid=1483939796
Brent Faiyaz,https://docs.google.com/spreadsheets/d/1cmJx1BlvgW6nYjZpiOpgzp8QZC6qN8b7op3w9D1N3HE/edit
Britney Spears,https://docs.google.com/spreadsheets/d/1EhK4h2VWHpxfoH3M1mDZ02GraxIAIkN-MnP_YADEqXc/edit
Bryson Tiller,https://docs.google.com/spreadsheets/d/1oBhoj7x3pWHaGBtF2m3qmyc83_5QcNc0QYDmzs5K1nY/edit
BROCKHAMPTON,https://docs.google.com/spreadsheets/d/1gM4-rRghgRUBr2cgWNsh-nawlUuh43guAM63dYVTdt8/edit
Camila Cabello,https://docs.google.com/spreadsheets/d/1XDIPvC8n0-HWXegsYWiTfcNeQ3tWwEoRAiMebPBInbk/edit?gid=503467644
Camila Cabello [Alt],https://docs.google.com/spreadsheets/u/1/d/10l2S9uNFGegmmySVIBhJKhSNTUSIv85eTFpUcOyZfF0/htmlview
Car Seat Headrest,https://docs.google.com/spreadsheets/d/1-0RHGji2btS7q6oZzsCC-BU5rzLEJqKxUHR8DiTgYyw/edit?usp=drivesdk
Cardi B,https://docs.google.com/spreadsheets/d/1B1oOQfja2uluNtb2cAooZC5wGzjSSW-cSjWJjwQJEyE/edit?gid=1792554832
Central Cee,https://docs.google.com/spreadsheets/d/1mH-0v-9TvMsxeX86n2e3Mcg5h553Mh0oWuZK0jiXVQ8
Charli XCX [Alt],https://docs.google.com/spreadsheets/d/1Km4wQjafB0z57XuIYtFW2HN0zGtGzv-bRYB6VtSZfU8/
Chance The Rapper,https://docs.google.com/spreadsheets/d/12ubYkIfcJoE2SSXYifXg8u-CN84r2hMxwNCGU9dpmss/edit
Chance The Rapper [2018],https://docs.google.com/spreadsheets/d/1yAV5TDOh3qI5dkPNauRDDApqoFUCxB8klX9lHX4DxHY/edit
Charlie Puth,https://docs.google.com/spreadsheets/d/1flw87IAvNVaUfPUrJbTGmvhUOGbYJblgmj_ccBBQ2do/edit?gid=766670282
Chappell Roan,https://docs.google.com/spreadsheets/d/15khoU6PZbAE4Kw8xFiranhyF3VGPDknUQSSbNoI2DiU/edit?gid=2030188662
Chappell Roan [Alt],https://docs.google.com/spreadsheets/d/1SdwaLSVri2ehmt5JywM_TDQrnxaFh6srTS_tYN4kPUE/edit?gid=306146520
ChaseSYNX,https://docs.google.com/spreadsheets/d/1veI72cFeUcPd_la-UxAlZqDO-q-lQTU78jM17aA4QG4/edit
Che,http://docs.google.com/spreadsheets/d/1kcPLdKhyK3YljwAgc1hW4gMOaWKHFgveZ1QU-XgEmb0/edit
Che [Alt],https://docs.google.com/spreadsheets/d/15RBhwcNw09EpZYcpaScWXQLzUfkgA59uHnny2X8tTzk/edit?gid=1741821132
Chris Brown,https://docs.google.com/spreadsheets/d/1o2M9juqyzh7EUCHm0ApKx0XSnGda6ZiM1kGrOp0EfMM/edit?gid=883120125
Chris Brown [Alt #1],https://docs.google.com/spreadsheets/d/1jedp10QQx502yv9zDwtyrNN3yAJBKjf0CgtRUK-VjcM/edit
Chris Travis,https://docs.google.com/spreadsheets/d/1uu_Mv8agF_I-TP-y7vhvP432TuZdVLUxl5EfFSTXxw4/edit?gid=817023803
Clairo,https://docs.google.com/spreadsheets/d/12TIMfX4ccTxBHjywqJeqVHR9NtqsEaxY6pyybk_O5wc/edit?gid=0
Clams Casino,https://docs.google.com/spreadsheets/d/1rgozDgBQxmi6jGZjhjWwpbfkc_4I0gWd0CM3UomAUFA/edit?gid=411520792
Conan Gray,https://docs.google.com/spreadsheets/d/1kVn1PkIxnyxHjqzo7re7NZKyAlRDjnLSqsJggW3Hyt0/edit?usp=sharing
Creamer Nation,https://docs.google.com/spreadsheets/d/1IFhQbmAps11t0xPEZNhutt6vF1eaU8zVFeBda7OqOFc/edit?gid=1739839917
Crystal Castles,https://docs.google.com/spreadsheets/d/12P_NLkwtnbINPGooBH5YwpUFCM8R16o_o4WMVMR7DWs/edit?usp=drivesdk
D Savage,https://docs.google.com/spreadsheets/d/1dqrM1jYEd7z2sy9_bVvL-d-kBlG7sFbHKSl3HESB7X8/edit
Daft Punk,https://docs.google.com/spreadsheets/d/1ZPjnzdSJLRIGwscll1T8NpPFJ57CCmE4oj43NnxmaDY/edit
Daniel Caesar,https://docs.google.com/spreadsheets/d/1_D-puv6fjwCjrx9x7qAu9oYzUfFzDLrLz1cElaXndso/edit?usp=sharing
Danny Brown,https://docs.google.com/spreadsheets/d/1ybtg3wbiB63eHKGv8_ZFek3qQIoRbB8DUYAWObfeDZI/edit
Death Grips,https://docs.google.com/spreadsheets/d/1pogjtB01aiqXoc3Hun4wJZbWVA6eRerzX88BNnoyM2Y/edit
Deftones,https://docs.google.com/spreadsheets/d/16wzspV6U33C0DZ1Q-jwBl4onRU_7E6aMl5_MhfVKqAs/edit?usp=sharing
Demi Lovato,https://docs.google.com/spreadsheets/d/1t0KtTUiB68rItYX04dioGL2mxnftXk2hFrPovIA7vCE/edit?usp=sharing
Denzel Curry,https://docs.google.com/spreadsheets/d/1Pyi72FNT6KWuQE3g4BmIDCV26HMfKFcE650Duyia43o/edit?gid=788157788
Denzel Curry [Alt #1],https://docs.google.com/spreadsheets/d/1e_bWTzbDHTV68u0ml48ZENCI5-BnIFbyOJQdSPG04-Q/edit?usp=sharing
Destroy Lonely [Alt #1],https://docs.google.com/spreadsheets/d/1yGRwG49vl7jX7VgFCgo2ZBZTFIFzVuA8roRbb07xe40/edit?usp=sharing
Dixie D'amelio,https://docs.google.com/spreadsheets/d/1FXLcfk_OVkRKEjKwkp-DQW4EtMSyZcwuxvVf_RGZNWQ/edit?gid=306146520
Doechii,https://docs.google.com/spreadsheets/d/1P2inSuDEuS_kp45qDAXJpb_hmj__Lj409bytyp4xiw8/edit?gid=0
Doja Cat [Alt #1],https://docs.google.com/spreadsheets/d/1-GIDKZJYqMU-I_-kpIqqyT9biQpfRRLNX700Mn1MMdk/edit?usp=sharing
Dominic Fike,https://docs.google.com/spreadsheets/d/1gzD1-xMwzvsk0U9G2emMM35i5nINaZG3qFlQ3Vl18v8/edit
Don Toliver [Alt #1],https://docs.google.com/spreadsheets/d/1Xeoh2lXnO93BTFpwTH4IzZSfPHouC1wBdyUDx-Qamjs/edit
Don Toliver [Alt #2],https://docs.google.com/spreadsheets/d/1yJsfK8jH1SyGCwM7iY1XRjrd4LgIqjAfIl50Qy_9o8Q/edit
Dr. Dre/N.W.A,https://docs.google.com/spreadsheets/d/1uL6pENIpeX8O8oNTMC9GVL0WoJ0YL1YnQWBnWkEjhaI/edit?gid=1374254140
Drake [Alt] ,https://docs.google.com/spreadsheets/d/1VP0mGlfR_6nCDcq1S28JQgtbwKP9qzWFJY1R91meQso/edit
Dream,https://docs.google.com/spreadsheets/d/1zufNODk_zMyyYQdwM4RtKHVtfY8WplefbsRJ9__dQns/edit?gid=82962083
Dua Lipa,https://docs.google.com/spreadsheets/d/15Z0P2roEfi0hV8Hu32kcDfvZW_EethROZxhkXacsfxg/edit
Dua Lipa [Alt],https://docs.google.com/spreadsheets/d/1EoIbzGPLSHTgll37lZsPGE318FHQPp_T1qshCT2MQJs/edit
Earl Sweatshirt,https://docs.google.com/spreadsheets/d/1EKEnvdiwSudiPJSePPzfCXIQ_W-AYeAIY6_r-a12bdM/edit
Edward Skeletrix,https://docs.google.com/spreadsheets/d/1XbLGDUkFy8glOxkoG-99vB-FB-eXdmtYGtsPHP7YFKw/edit?gid=1818012735
Ecco2k,https://docs.google.com/spreadsheets/d/e/2PACX-1vQG3sKhpSi8HTWbKSWAIXHZ7reD9ht-7QIvWllT3Le6o5V-V51id2kobBBjGN_EtQ2_cukgcmwnK0W0/pubhtml
ericdoa,https://docs.google.com/spreadsheets/d/1z9a6BiP-ciHNRCRMVUt63_E1-qXhXOs9fGnoIYMii5M/edit
Elita Harkov,https://docs.google.com/spreadsheets/d/1KwppW852lb9IXEjE8gIgkOGg-ZFtzDLPfmL_nvUOIys/edit?gid=1444591687
f5ve,https://docs.google.com/spreadsheets/d/1_aAeUHmRVzdVn-ejLGo5HALbUFAqXxdHEd6j0oopyk4/edit?usp=drivesdk
Fifth Harmony,https://docs.google.com/spreadsheets/d/1CfmuUh4yuMpNFxDcvW3b96Hff08MwSSm8Um2uAPT52E/edit
Fetty Wap,https://docs.google.com/spreadsheets/d/1H4sofJeMazqIyHJhi51FzAitZL4t0myFcygknSFMTBQ/edit
Fivio Foreign,https://docs.google.com/spreadsheets/d/1WsQu4DDuXaPywG_DGXG30TOmQeHF-924b8UdL-ZfZjo/edit
FLO,https://docs.google.com/spreadsheets/d/1yo14IYelU2uyTtOAYaLQybZ5DHcuWJRHqsDduNum76g/edit?gid=1419785522
FLO [Alt],https://docs.google.com/spreadsheets/d/1966Ehb6wu-SiqkqPHbGuteZxsfr35wYxKF3Z0xfSbVc/edit?gid=1483939796
Fred Again..,https://docs.google.com/spreadsheets/d/1QkTaacoTmTTIQt2Iiiz44Pqg9-KN2Yi6lVYTyrk6DHI/edit?usp=sharing
Freddie Dredd,https://docs.google.com/spreadsheets/d/1eQwgruxLnhQN2MUbttQMfsYpHjpYSOyjmNPqZKFWpro/edit?pli=1
Freddie Gibbs,https://docs.google.com/spreadsheets/d/1CCe1DI9VIp0J4MQyTsdMuOriZ9ucmCVMw6nS9j8e4N0/edit
Future,https://docs.google.com/spreadsheets/d/1Zo4m8fpH8nZSF3UHWj3WCZwlCW065W51iadlY382844/edit?gid=689862787
Future [Alt #1],https://docs.google.com/spreadsheets/d/1wO-E0ECtQIE1cTqkYUs6g1cGRi0nW2TTvhFlypyldTE/edit
Future [Alt #2],https://docs.google.com/spreadsheets/d/1KAFxqfqinvf-zGnglM1FgfIUnd1lzC6SmgxEYT-RYDI/edit
Future [Alt #3],https://docs.google.com/spreadsheets/d/1HGv5U1Tf4HhEvVW0WNmGm0Q6BkRi37Gkhowz-OHJe40/edit
Glaive,https://docs.google.com/spreadsheets/d/1CEcKtN3vY-Inz_xffayQ4p3NYH96wZXNCXbnmyTmSZc/edit?gid=1639716993
Glaive [Alt #1],https://docs.google.com/spreadsheets/d/1CnMDCqyKcvmo62IaBt2wcib69RDlCcTL1io-tMBYSVs/edit
G.O.A.T. Music,https://docs.google.com/spreadsheets/d/1D-3NLJFB7I8msiIgKtHezPOw2Pa0tqJ187H6YlJppqo/edit?gid=619928003
Gracie Abrams,https://docs.google.com/spreadsheets/d/10UUv1n4a_JP_oxaG_ranBkjhrCxES7GkDiRpMVL8mmU/edit?gid=2087333105
Gunna,https://docs.google.com/spreadsheets/d/1P_BA-CIy05lDl9j1H06awxNqvXYJcD-KeBPVdgTO7Eo/edit?gid=1630289126
Halsey,https://docs.google.com/spreadsheets/d/14TXHFK_25arf1nIkFXkLmOfVs1Yz1e0dz-pTIGqF9OE/edit
Haunted Mound,https://docs.google.com/spreadsheets/d/1RWWxJTmob0fKPmY62amc7Q6sXS0KKm36PtZhz2li_ok/edit?gid=1792554832
Harry Styles,https://docs.google.com/spreadsheets/d/1U6Bmxw6_uy6SqKfe-YqpqgVBaWKSzD4bnUZ9vNA5p5s/edit
Harry Styles [Alt #1],https://docs.google.com/spreadsheets/d/1TxyYnPGWzZKlMqGsG7d-W_CLiHmpIPEzibHpWCRyCdA/edit
H.E.R.,https://docs.google.com/spreadsheets/d/14-A5ZdkghctPgvPSfRm48Er8_RC3ea_EeMh1gVaP-jE/edit
Homicide Gang [Alt #1],https://docs.google.com/spreadsheets/d/1VaRJqWzCOJF2fCYuCsRFeaWlWxxJ8ITis0p3yf3wP08/edit
Homicide Gang [Alt #2],https://docs.google.com/spreadsheets/d/1S-yjYxeF-EToeKTrfrwXyS4yhaoRbBQeBxIqJkfaBYM/edit?gid=0
ian,https://docs.google.com/spreadsheets/d/15Lzy_eZFxU185IKTp48wgaIq86Yixn8dOfBssW6MVIM/edit
ian [Alt],https://docs.google.com/spreadsheets/d/12qfhbZLuFZ2PCjbVO6qt58ah2tujancnrimG6uNwTG4/edit?gid=5635501
Iann Dior,https://docs.google.com/spreadsheets/d/1fgZEJTgHGGpNhSJKLQqGRV_uhbC3wFsaVvGXaQEqYfw/edit?usp=sharing
Ice Spice,https://docs.google.com/spreadsheets/d/1RxDoyYK7e-LHcrhSncdGUaKqCDL2ui1kBmjJ9hd0-hk/edit
Ice Spice [Alt],https://docs.google.com/spreadsheets/d/1dvT3mdp1DVBV5eixAkGbnyp50b53lzqV2PppeM4YGSE/edit
Iggy Azalea,https://docs.google.com/spreadsheets/d/1-KnRk8mvop7gzLEe_2jKTxJqC3ZcQ_ExEYZQsmps_zM/edit?usp=sharing
ILOVEMAKONNEN,https://docs.google.com/spreadsheets/d/1v1FbJxRJ9wcmloWZaWOGE2NlcSX0uziPAe7TePz2jVE/edit?gid=0
Imagine Dragons,https://docs.google.com/spreadsheets/d/1-W3agIGyc97zu3bcR2lNZc9akZ_tB7dQFgUjrMfMRl8/edit?gid=503467644
International Jefe,https://docs.google.com/spreadsheets/d/1aYKtZUUwQ8gNtYfDVoK2UREFDr7EH2Ue2sujbNZjK3E/edit?gid=306146520
Isaiah Rashad,https://docs.google.com/spreadsheets/d/1kbWlqePhBU7glVwocFP33f1dZ_q7vpx_4HSQI1Gpms8
Isaiah Rashad [Alt],https://docs.google.com/spreadsheets/d/1gKrf3M91rpKTffQD_5AvhKrT69BfyEt7LRRE9uxpeUM/edit
IShowSpeed,https://docs.google.com/spreadsheets/d/1oFVqENzCSt1XTn0_Cwasc7wD_IhiSQcXua4cmWQujZs/edit?gid=2099490673
IShowSpeed [Alt #1],https://docs.google.com/spreadsheets/d/1Xbs6QzVigei6mz4FFx4tO254eO60SEcebGSNDCq0vrI/edit
J.Cole [Alt],https://docs.google.com/spreadsheets/d/1-1m25zzXAirta8XDCKFKoY9qbaOJK0LlpAOly4lqFlY/edit
Jack Stauber,https://docs.google.com/spreadsheets/d/1M5kg-5C0w9rGcwpT4z23HxySAd531jJLK0gPNyu1A-I/edit
James Blake,https://docs.google.com/spreadsheets/d/1-5N9qrjDYAr6Cdb0sU_7mChsJqHEUnex046ynPNd7Dw/edit
Jai Paul,https://docs.google.com/spreadsheets/d/1YOehCZsSOcKL9bH7WCSsvCji8wUaJKSPLuOYsJKLv0Y/edit
Jake Chudnow,https://docs.google.com/spreadsheets/d/1zXSSvHGaoP_XGLo9U99GDdLXSlL-lJEAvOZWNz9jprw/edit?usp=drivesdk
Jason Malachi,https://docs.google.com/spreadsheets/d/1apNa7pzgK_yqtlN15Y8yJySZeZd_Zz82wKmTsieVg5k/
Jay Critch,https://docs.google.com/spreadsheets/d/1TaDxURBOgJZILkPG1ZyYVBe53CcJaGdimh0pSdfJbYE/edit
Jaydes,https://docs.google.com/spreadsheets/d/1us61d0udA8vZXxAazTGLBU4dUBjKCpzfFD6MpMIq7LA/edit?usp=sharing
Jay Electronica,https://docs.google.com/spreadsheets/d/1Gd7k0tURHQutRgCBs698MMWst1Ey3VBM4Rlyhvq6VG4/edit
Jazmin Bean,https://docs.google.com/spreadsheets/d/1cUEYgf10pferv--etyKVDdHIHjgHC6zQXGHnOoU3y-w/edit?gid=1444591687
Jeleel,https://docs.google.com/spreadsheets/d/1NkfBsciPOwC7bIpFxbxMI_XoREm52Q7WmF4W2k1Je8I/edit?gid=0
Jennifer Lopez,https://docs.google.com/spreadsheets/d/1Ke88dQ0Qj9tyItb8_TgVWLJGnwFUR2GM1JXGG-I_rcQ/edit
Jeremih,https://docs.google.com/spreadsheets/d/1WowvS22jg6mCV_W8czeMBn7ac3Ti3jiND0bMjNvgcnM/edit?usp=sharing
Jhariah,https://docs.google.com/spreadsheets/d/1GrYPsZoUt6ubqi2ZQZaL4JmfNUMI-gNB1CmHqprmVac/edit?gid=0
JID,https://docs.google.com/spreadsheets/d/1qjN2OaBVhulG0U9G-PXbmtwSfah1qazIiydK42A1Dk0/edit
Joey Valence & Brae,https://docs.google.com/spreadsheets/u/0/d/1Fe-4OKQKyewkoD5GZ4y4-MNwA_oSXGf6qVCgeoFSnkI/htmlview?pli=1
JPEGMAFIA,https://docs.google.com/spreadsheets/d/1IhfNqEOtwczA6JH52gv2feerMqlJEbaDV4bxaIr7gkI/edit?gid=2012820373
JPEGMAFIA [Alt #1],https://docs.google.com/spreadsheets/d/1H5HnCJZe7fIDjlsSFSTzpq-cWcUM9XyDpwTaEUxBMIY/edit?usp=drivesdk
Juice WRLD [Alt #1],https://docs.google.com/spreadsheets/d/1TyFhO3zyaZ1EpMT224HslkAC7w5yrHQU3XA3k1iIYe8/edit
Juice WRLD [Alt #2],https://docs.google.com/spreadsheets/u/2/d/14iOJlHRgLj8CoiPv_n9uAms85ougSkSBUh7iNJVeNDs/edit
Julia Michaels,https://docs.google.com/spreadsheets/d/1IkODXEAnM3o1cTJPLEf3-XD6rGYco9DucmuaqYOnHhw/edit
Justin Bieber,https://docs.google.com/spreadsheets/d/1KSTBtdaHkz6qUi9joaZN1U5dksMno2Ym71KiQ6w9mCo/edit
Justin Timberlake,https://docs.google.com/spreadsheets/d/1mxCMg9x-AcDkY2j156ebS4VHLnTM-ibH7yuhX0EezTg/edit?gid=503467644
Justxn Paul,https://docs.google.com/spreadsheets/d/1YwFmb2jRhomAr-z4aFPKAwWJkYHTf2QfqFyeK6X7yFY/edit?gid=1581791943
JVKE,https://docs.google.com/spreadsheets/d/1c_bl_8Uek0YR8p3tANqL8ESNXjfQMz_tfVTMJp8NeuY/edit?usp=drivesdk
K4$H K4$$!n0,https://docs.google.com/spreadsheets/d/1Krol237KAh9PPi7SpWSciSjJdS0_FCKKa_WeNYv47ok/edit?gid=0
Kacey Musgraves,https://docs.google.com/spreadsheets/d/1O2hx6bV-iNKVBoqzKdLFTimcFtgKu-bSNLGWvRdcyPc/edit
KARRAHBOOO,https://docs.google.com/spreadsheets/d/1jqfX4i0AbAikkPG1YRp40CnaglBCwqsAi5NWVOHkGMA/edit?gid=306146520
Katy Perry,https://docs.google.com/spreadsheets/d/1hIEDlowTMh_pkXpCCshG5Z32LEg9r00LV5v5vGhPzqY/edit
Katy Perry [Alt],https://docs.google.com/spreadsheets/d/1xVb5K2TN_LVvU9nTS39n65xigjd2PXEfv5Uxf6ktsE0/edit
KayCyy,https://docs.google.com/spreadsheets/d/149xFObwLI9lMCWJPs3RBZhLJGMQ9cqkr1vIVsIVuV5c/edit
Kay Flock,https://docs.google.com/spreadsheets/d/1mX1vRH6H-umLnY3Xt-4w1VOm2V6PWouwipwuEi7kBKE/edit?usp=sharing
Ken Carson [Alt],https://docs.google.com/spreadsheets/d/1qgZGdNl6Dc1B-GOeoRj0skgcXeBSvltbexNtueY0FYE/edit
Kesha,https://docs.google.com/spreadsheets/d/1zUJdWDv0hs-h6TjTdFb9Ki8U0lXtz7ZcVYfi34_WcF4/edit?gid=1603999306
Kid Cudi [Alt],https://docs.google.com/spreadsheets/d/18kP6UsFxxLujX95QweZCwb0K5-J6b2KJHJpAFUbm2iM/edit
Kiesza,https://docs.google.com/spreadsheets/d/1e7rJxe5vievgnXj81m67Qs6YVKsFtvFFLHdDYHqCeMo/edit
Kim Petras,https://docs.google.com/spreadsheets/d/1kgHmWZM1oMR0DQUet8RtTNssVMVi77YvofHlh6F5sfg/edit?usp=sharing
King Von,https://docs.google.com/spreadsheets/d/174Qxk5H7hn_TSVvcc1gDGIp02hPZ2H1z6hoFI32YdaA/edit
Kodak Black,https://docs.google.com/spreadsheets/d/16LkLZ3miXfNGzQLI_3_X2zJsf6vb4-Ye7g02MwqdZOo/edit
Krewella,https://docs.google.com/spreadsheets/d/1Uy1LZwv537AsAT8z_I3qbQPZcovhWSFK0z7vhEbVSU0/edit
KSI,https://docs.google.com/spreadsheets/d/e/2PACX-1vTjBrDMLPv4pi6aOd_u1Z4GzUgislm0XHIlmx-02ZSx9WMCtpjx9hELAS1yxUXK_LAaQ6WFk6iGta4f/pubhtml
Kygo,http://docs.google.com/spreadsheets/d/1uwnfL74at3NjRE0scurzhaBJfcQzpxzTsLfvF98kc98/edit
Labrinth,https://docs.google.com/spreadsheets/d/1XrfNYcAu6Pl1osbGdndJe9XyJ12qJe6EcYFI3mjouqM/edit?usp=drivesdk
Lady Gaga,https://docs.google.com/spreadsheets/d/1UAHs1YhoUYuByoxsxR_vC5-zgmWq3qG5-jesUCHo4qg/edit?usp=sharing
Lady Gaga [Alt #1],https://docs.google.com/spreadsheets/d/1hBBNOMoUIM0aZ8zSgPWsRXfq0PUGSfg4du9RQd8f5QA/edit
Lana Del Ray,https://docs.google.com/spreadsheets/d/1E76awgUgj6UqFZCqfbGMw3EPNHeq8rA_XFMJ9MmvH3U/edit?gid=1792554832
Lancey Foux,https://docs.google.com/spreadsheets/d/19dsAkkH8w7nBx6ZST8d1UAAvCJTNgKBfyNxdoWiXH3E/edit?usp=sharing
Lancey Foux [Alt],https://docs.google.com/spreadsheets/d/1SIsRp6WYq3eiF0C6jFgXdkTBTzeh27MfhgJ9fOBrCI4/edit?usp=sharing
Laufey,https://docs.google.com/spreadsheets/d/1xF_OlIDmcuCZk0BgzCgrzvDHMTuBRQ5m/edit?usp=drivesdk&ouid=115546716591248883998&rtpof=true&sd=true
Lauren Jauregui,https://docs.google.com/spreadsheets/d/1wV1FD0SnjVYVwckBgm2IK2hJXBbROpNkissd82hZ1CQ/edit
LAZER DIM 700,https://docs.google.com/spreadsheets/d/18jj-okFS-vApV3-OHPDV2TrFHDil5Ld43WAZX8na_3s/edit?gid=1298206308
Leah Kate,https://docs.google.com/spreadsheets/d/1RoMG4RyJ4d6L9jJMHSKYjavaqtkKdaDLpHd2JM8mSh4/edit?usp=sharing
Leah Kate [Alt #1],https://docs.google.com/spreadsheets/d/1J3hEK-96JWxlMW5I2Uq4MfiLwtyhvHflY6LKmDP2IW8/edit?gid=353508805
Leah Kate [Alt #2],https://docs.google.com/spreadsheets/d/1w0LGCpDq1x6BnFfPOVpjcqAi3zDolQC_Xtt6PZamg-0/edit
Lil Dicky,https://docs.google.com/spreadsheets/d/1545ogxg2mlN7dyAeYHJoLRKMWabOWmKtRN30tvDfVdQ/edit?gid=290632612
Lil Durk,https://docs.google.com/spreadsheets/d/12cbC3supghOjLIdDvSqPB2hT_YeF8SvN1CMtJSGVuk0/edit?gid=0
Lil Gotit,https://docs.google.com/spreadsheets/d/e/2PACX-1vSEtuqLumr9b6yw9fFzOXBjIO-tAEueaGS7gF43CP4hqasaLcRU8Sg0aDsrwPNtSvD6eLIaGkpELcmi/pubhtml
Lil Mabu,https://docs.google.com/spreadsheets/d/18qbdP3-Eoezdra8KLYv6ZUW_yy2I3iid2pDF-K1Czyk/edit?gid=415494178
Lil Mosey,https://docs.google.com/spreadsheets/d/1tsPcry41W5i2x4aDQpaRfrKhiCab_YCJ3XV7nhfaZpM/edit
Lil Peep,https://docs.google.com/spreadsheets/d/1kF3KZUjtwiJxxP0GCXJ0VmX7bA2JdwnKa-j1GCaoeC8/edit?gid=1214485872
Lil Peep [Alt # 1],https://docs.google.com/spreadsheets/d/1hG4Qxb75FMQXiqTa-k393lv557zZ7zPT-lX4lUGT4NM/edit
Lil Peep [Alt # 2],https://docs.google.com/spreadsheets/d/1inLqHXfTLm5CPpEE2tUoTepm8CjUZ1UgB9iIEzurF5A/edit
Lil Peep [Alt # 3],https://docs.google.com/spreadsheets/d/1yZTHGMjtB3BDAK_Yz21Fk4nyHt8ZuUF1xVE9S1HwbRA/edit
Lil Pump,https://docs.google.com/spreadsheets/u/3/d/1DCYxExj15O6YUB4diwhSN_A8xRjAFIAg8KlW5BhgZQI/htmlview
Lil Shine,https://docs.google.com/spreadsheets/d/16VAIeNGagrnOTzth5Qnl-DqUvcwkPinhQ43m8AWnbUo/edit?usp=sharing
Lil Skies,https://docs.google.com/spreadsheets/d/1tZHwkHGd_fSfJNq6o3mR0PxZgZDmms7DrBlJFbBBk1M/edit?usp=sharing
Lil Skies [Alt #1],https://docs.google.com/spreadsheets/d/1Kk1Cu8cH6cyTM37Ji1x8rn-VBZeYcOXorGEypdlU6K4/edit?gid=751546300
Lil Tecca [Alt #1],https://docs.google.com/spreadsheets/d/11pLrk3XduEAP17Mef7NMxq9qbpkpHuvynLR1lNOvBHA/edit?gid=1417097997
Lil Tjay,https://docs.google.com/spreadsheets/d/13wF3n2ZYznpK5wgLFfU7lz-_xxVAcxRxMFtiy5WAvKo/edit?usp=sharing
Lil Tracy,https://docs.google.com/spreadsheets/d/e/2PACX-1vTns4e-YRGxwE81S1neNRqz_rXwbcdvbMPMQ1LhjGnR-1Wgha1NQ-v5En0OLpTrA7IuF0hFV1RfPVeM/pubhtml
Lil Uzi Vert [Alt #1],https://docs.google.com/spreadsheets/d/1MuPypaJqrTqVR3wtEEN0B4dvXHga9Z4Cb-GfXdY9IvU/edit?gid=0
Lil Uzi Vert [Alt #2],https://docs.google.com/spreadsheets/d/19jsHFFWjAvUGeGTWq6zFgtfJQBuHipmgZ0BoVhmo6pg/edit?usp=sharing
Lil Uzi Vert [Alt #3],https://docs.google.com/spreadsheets/u/1/d/1io2A-NylfOyz9qayr0C7OMHVWpv0lOvk5SmrI6bH2QI/edit
Lil Wayne,https://docs.google.com/spreadsheets/d/1CpQtbjAVFzwXF46IHxa6u_gzZGwcU0-M8cTRr8wNlvI/edit
Lil Yachty,https://docs.google.com/spreadsheets/d/1ZQLDuvUPtlXs0Ifv6_K3u8vz795fpbo45O8Eq6HnIQE/edit
Linkin Park,https://docs.google.com/spreadsheets/d/1h6grxB8nJg1Pfxz8HMXC2-xvAahDJdBeY64dBdQKHn4/edit?gid=61055133
Lionel Scott,https://docs.google.com/spreadsheets/d/1K1PZSCz1PlGU_LZyG4hV1SSYBdJw4zDOsr-S1p0d5sg/edit?usp=sharing
Little Mix,https://docs.google.com/spreadsheets/d/1ohZFQwe3IVutNbb42THSywEXEpHdDKx8Gk-yS8YZKiU/edit
Logic,https://docs.google.com/spreadsheets/d/17fBA-RcIs_sXpOsktHLa91cGF4ArLkpLE4i_pGqLyyE/edit
Logic [Alt],https://docs.google.com/spreadsheets/d/1g8pb9D-hzpXnLuzTM_oOvQW-6PkuL6TfcKIPpQ1Caa0/edit
Lorde,https://docs.google.com/spreadsheets/d/11oC5p3f1xE0XZ_PEKK48mhF1KMAJQrFej5GvxeSQkaA/edit?gid=723167454
Lucy Loone,https://docs.google.com/spreadsheets/d/1fx7K_3ZxCpRdap3sVry7i5n22oEPZvDw8abuCK59G7M/htmlview
Mabel,https://docs.google.com/spreadsheets/d/14TpT-_yLmGGoHE1bOI4uRj6e8lu_nT7mX0jKNtVhz7Q/edit
Mac Miller [Alt],https://docs.google.com/spreadsheets/d/1OCJr_pTYNvbjG3iFylnI_7fb9baXoEIFgIMEhbJM-QE/edit?usp=sharing
Machine Gun Kelly,https://docs.google.com/spreadsheets/d/1d6rjwyNJQdy94j8i5S2z9oD-aMGIcvIo/edit?gid=251317884
Madeon,https://docs.google.com/spreadsheets/d/1HNRAnK06TvtNco0G2_uHkl1eRrkX0-2EeBLeZ2y8eu4/edit
Madison Beer,https://docs.google.com/spreadsheets/d/1GArvzS4dyr519XDRK2sIVrY0RUL9zLlnt8il-Vj7ThY/edit
Mag.Lo,https://docs.google.com/spreadsheets/d/1io02njaCQT09wbZTc7WpNiyE0zdssBxK8vCXXjwY8dE/edit?gid=1090919880
Mariah Carey,https://docs.google.com/spreadsheets/d/1ro1QoYF2yX2gAMgz8WfSpe7KFWmjL4H0_HMGxwR4RFM/edit?usp=sharing
Mario Judah,https://docs.google.com/spreadsheets/d/1IVS_2Uw8Lt7SUs0QcH0PZHPiMN73a-HQ9CESdTZS7xc/edit
Maroon 5,https://docs.google.com/spreadsheets/d/1iN6RCKmAX9iIfxHfwglIpnm3IoiYR7IkNTy3yrnRyks/edit?gid=1228224808
Marwan Moussa,https://docs.google.com/spreadsheets/d/16BiHIX6f_pj2pyeH-6UfwKpYtV8TD4nfP5IqHyYvlxk/edit?gid=152832389
Meghan Trainor,https://leaked.cx/threads/other-genre-tracker-megathread.1756/post-1105711
Melanie Martinez,https://docs.google.com/spreadsheets/d/1tgEB-L2zA5VCkLNyMueg73yZREUxJUMJ5GcrX9BvUns/edit?usp=sharing
Melanie Martinez [Alt],https://docs.google.com/spreadsheets/u/0/d/1s4FJnE5rd8x-JThCm1aAUsrZ_6hZL2B2qNf2oZMlrl8/htmlview
Metro Boomin,https://docs.google.com/spreadsheets/d/1AoKGzPa8qVzR75Ma9vQH3HVB7kaQ4_pmPdVDfg9pluw/edit?gid=415494178
 M.I.A,https://docs.google.com/spreadsheets/d/13Ek6Aqcw6VoTH66uxeiUz_eiVsG8VrkMQyKLHWSSLOU/edit?gid=0
Michael Jackson,https://docs.google.com/spreadsheets/d/1i59TKrIZ1OvFFPJFuOMw1VXlvyzaVOH0Wb0vVJp9BTw/edit
Migos,https://docs.google.com/spreadsheets/d/1BcHxwNWZj3vZ8S8gyHiVDUeHI2w_TgiioMz4Dkg7npM/edit
MIKE,https://docs.google.com/spreadsheets/d/1b4k1au5DeR8CkEA899FCiN6N8j7ofnjtSSFX17xnQW0/edit?usp=sharing
mk.gee,https://docs.google.com/spreadsheets/d/14JF2Plyr4mwrR3b9X_C0SowFaxB4wsRoMPYtRdDbrq0/edit?usp=sharing
Miley Cyrus,https://docs.google.com/spreadsheets/u/0/d/16pG6WvRLJY6d6Re6XmD-bMly1L2djhpO/htmlview
Miley Cyrus [Alt],https://docs.google.com/spreadsheets/u/0/d/1FquP2Yg89aYVOdDWXEO6kcrxtUQyvIYBoDs7VtdCU9U/htmlview
Molly Santana,https://docs.google.com/spreadsheets/d/1PdwgmVxY945J_-2BrM2K-HAHz2Lg5dh3fEm9ADJLHUU/edit
Mos Def/Yasiin Bey,https://docs.google.com/spreadsheets/d/1szpcLNqBbxk2QjgSCgbE-MFbmG6HtC9JyYs4SmK4FYI/edit?usp=sharing
NBA Youngboy,https://docs.google.com/spreadsheets/d/1-eJxsD-YciRGsQ6367NQ8zKdVJKEq8pirJPcwncgSwg/edit?gid=0
NBA Youngboy [Alt #1],https://docs.google.com/spreadsheets/d/1Dvj7Qp4_cCKUiiddmEYxIBe1pIt2YLPuCdOxA1U_a8A/edit
Nas,https://docs.google.com/spreadsheets/d/1TnALmkQdRX_spdUMLLamizAZYD3rERO_iGGzCqD-A6M/edit?usp=sharing
NAV,https://docs.google.com/spreadsheets/d/1xiw-nyfRhizLuSa07FCv73yrMX0HgyhCuipTmcjKkvQ/edit
NAV [Alt],https://docs.google.com/spreadsheets/d/1No_p3kfh_2ecmmlO-XwtgGtgYxCv7rdde5KuCY0mTkY/edit
Nessa Barrett,https://docs.google.com/spreadsheets/d/1XMZyxC6lOktA-54M8m7ntC5pTm_uHZtPP0m3WjAILHk/edit?gid=306146520
Nicki Minaj,https://docs.google.com/spreadsheets/d/1D51YvYshYEfrFJ42BdXZITEeXf4ye0i22Ih_xaLsPoA/edit
NIKI,https://docs.google.com/spreadsheets/d/1-6dqjFxtvP-GxBXG7PppJjcueTnb7Y_RD44l7a6kef0/edit
Nine Inch Nails,https://docs.google.com/spreadsheets/d/1U4OGZv235dV4r87ZGdpX_LBkYdC8EUHuBg_OmWUxgXw/edit
North West,https://docs.google.com/spreadsheets/d/1lLoyrp0RwprgcNI1Gyuwc0_VwUOqYMqTIx_OSPm-HkQ/edit
Normani,https://docs.google.com/spreadsheets/d/1rj-FyaxpQ6LY0KlvYGiwZUVIT9p23J_yQR3xUFpUkSk/edit?usp=sharing
Ohsxanta,https://docs.google.com/spreadsheets/d/1djKmvGVPWh54IZ-Z3kUUtxi5tsH6ZDjnXG1t6pZ82e4/edit?usp=sharing
Okaymar,https://docs.google.com/spreadsheets/d/13AdIko_MXvYxTNJsXjqlt1zSuUqw17ARiL0dVFJFv64/edit?usp=sharing
Olivia Rodrigo,https://docs.google.com/spreadsheets/d/1wtUjamedHyxkdgzZTxKBbIXoulwqw0Og8vOwubD61qs/edit?gid=306146520
Olivia Rodrigo [Alt #1],https://docs.google.com/spreadsheets/d/1g9RxIQ2JTVYwy5GTYoOnxH3RoNNis7l8zq9tdT7QPSw/edit?usp=sharing
Olivia Rodrigo [Alt #2],https://docs.google.com/spreadsheets/d/1nzwMq5n2M4O0mkHTynTecgh_FuBKjNaXLGZWwbYa9NI/edit
One Direction,https://docs.google.com/spreadsheets/d/1YHLobpw99IarFigCThOOfTwjFBA7TZatgc55-QjOoEc/edit?usp=sharing
OsamaSon [Alt #1],https://docs.google.com/spreadsheets/d/1BHj4XdCBtEGd7s7txGV8V6JOlVJ6tyXqJ9I_kcYI3bA/edit
P!NK,https://docs.google.com/spreadsheets/d/1G-6aao4ImkLqClv_QmXJ_qlS83H9rUUI9JZ7f4lE9yE/edit
Panchiko,https://docs.google.com/spreadsheets/d/1Ug1y8HNvV7gy4eJQmuNgFVTsENFDXw4wjAnENo4-P8k/edit
Paris Shadows,https://docs.google.com/spreadsheets/d/11fQ6bQPpyx83zM1HsM1B09Tc4BHu_9SJippAYloATPk/edit?usp=sharing
PARTYNEXTDOOR,https://docs.google.com/spreadsheets/d/1fblyE_Y0wtv6LHeB8WKAGnMFJmvwUlHcycUhD0nXsAU/edit
Phoebe Bridgers,https://docs.google.com/spreadsheets/d/1P81402MjF8lgeXp7AceonKmPTKb3ZMEMX0pay5_BNJY/
Phl Noturnboy,https://docs.google.com/spreadsheets/d/1olDfFJOhgUGoUu5YuSznISkFx7C5D9GjoHHTjYEUHfs/edit?gid=220824260
Pi'erre Bourne,https://docs.google.com/spreadsheets/d/10nxKfjzuGTlvieAoDWJ8VcDPj2Jxy1bnNeLxzjLq2i8/edit?usp=sharing
Pink Floyd,https://docs.google.com/spreadsheets/d/12iGihNLwLuCHufFIT_v1EgK9J4aXDLbRHcYTa_3gydg/edit?gid=0
PinkPantheress [Alt],https://docs.google.com/spreadsheets/d/1EddOGo-jbB1dqcXlVeSqrfvJkUceLUTgmPEBw4TjqCw/edit
Playboi Carti [Alt #1],https://docs.google.com/spreadsheets/d/13ZLlITzMJQsMaSf-B5aDD8Xryeus6Y0BOW_gMzeyuSE/edit?usp=sharing
Playboi Carti Fit Pics,https://docs.google.com/spreadsheets/d/1eTG3yX43hEuuWOpZzM_2WF0RYqXJhKsBUP2z2wCHy94/edit?gid=779331793
Playboi Carti [Alt #3],https://docs.google.com/spreadsheets/d/1NTGfRKtQPxbvi5TChkJRbz-u4W8mFT72QKmj7RYIymo/edit
POORSTACY,https://docs.google.com/spreadsheets/d/1vu4M8Lj4jP46cWVs3I4CtPvhlWCeAcOY2mJXSJFmfaU/edit?usp=sharing
Poppy,https://docs.google.com/spreadsheets/d/1MJzPD7_GoW4olDNBBq32xhC8OXvwLZW337u7C-s9GIk/edit?gid=330300044
Poppy [Alt #1],https://docs.google.com/spreadsheets/d/1kFNyKAG5FgyZZcSvCVQrfN4R5onYke814Qep10W725A/edit
Porter Robinson,https://docs.google.com/spreadsheets/d/1Cr7Apky8BczOxNflY2PSTg9W31ARrrUCjdqk1Qn4VD8/edit
Post Malone,https://docs.google.com/spreadsheets/d/1oFFGtGJ7liKPbw_Y9uAxbxzGDq_UQNDnNMDb-qQZS80/edit
Primus,https://docs.google.com/spreadsheets/d/1kSkxcpZgLqNb3ms5gdGcAL04cg4ylA_MwbRLVemVPoY/edit?usp=sharing
Prettifun,https://docs.google.com/spreadsheets/d/1gHCN8bRLQPLz0jRRS2UBN9cZbgPLK8VSnAwAEJHzk9I/edit?gid=1721773079
Proof,https://docs.google.com/spreadsheets/d/1lfFXBYjIAjnDbs2M6B2vtaD6ZRTBTneS9Z1Y66FDRpM/edit
Pusha T,https://docs.google.com/spreadsheets/d/1S695-f_ZckQByFgHy-FVNHojxrG0sqVqy-bQNYdK0c8/edit
Pusha T [Alt],https://docs.google.com/spreadsheets/d/11s3VvFmPKPxcs-ZDJe6nmao5cBjab9Sp0uqAZ3-MyDc/edit
Quadeca,https://docs.google.com/spreadsheets/d/1YXXvANbMdpViF1SbavcnHE1-KLTfmlZIdnGufiyi9eA/edit
Quincy,https://docs.google.com/spreadsheets/d/1vcyVWCz8ZcJPWIr27wLw4jHMuzKmov3wmIZhKOyhMUg/edit
Quinn,https://docs.google.com/spreadsheets/d/1tN-4h54IwDEDo1I7BTKIgGkgoWvq-0X_-XrXvNwalP8/edit?gid=1792554832
"Rae Sremmurd (& Swae Lee, Slim Jxmmi)",https://docs.google.com/spreadsheets/d/1BMq3Ki-eNLykcUotqbjGAxSTb1cll5ldPs9uRHrKXNs/edit
RAYE,https://docs.google.com/spreadsheets/d/1XKxt2eS80Z4X2uOX0cZOTCMVtWYl1nfTWtJOQiBsXL0/edit?usp=sharing
Regurgitator,https://docs.google.com/spreadsheets/d/1a0MHNCTYt_gHiyu0B1Yt5MGEZy1Mu-A7T0Xtui9iWbk/edit?usp=sharing
Rex Orange County,https://docs.google.com/spreadsheets/d/1R9dkRkIjoagXExTvKYYOkDvECK_NP591YhRQBqwkeuo/edit?usp=sharing
Rihanna [Alt #1],https://docs.google.com/spreadsheets/d/1DKf6MBZ6KcKoKFH5Vnl1qc3CrPIiHey-EgOrpKpLZQo/edit?usp=sharing
Rich Brian,https://docs.google.com/spreadsheets/d/1pvgSVw3Ke00Nle5ylebJmHXFtmsWkKmdnVo7vi8Gb4g/edit?gid=1377910516
ROSAL√çA,https://docs.google.com/spreadsheets/d/1r98aVOoa3Gg-ObBl4A0ekRXJ4X6oHMBIY-3G37bhrtk/edit?usp=sharing
"Royce Da 5'9""",https://docs.google.com/spreadsheets/d/1pwUiDLO02pqKZjsAqA7lyf-EmWHzuxq4ACQ--76CeRA/edit?gid=735631992
Sabrina Carpenter [Alt #1],https://docs.google.com/spreadsheets/d/1DuODWAc3GqK8fK7wV0yH_dCGXeoP85SYgx1ZnR3ZY1A/edit
Sabrina Carpenter [Alt #2],https://docs.google.com/spreadsheets/d/154zqyDgUCcl3VEhLK6optnFdMRwkuZv4ZPDQz7x04d4/edit
SahBabii,https://docs.google.com/spreadsheets/d/1NXFFPblYYTRtunLEv_UrjeeuX7d3wSU2fmwMfO827ts/edit?gid=306146520
SAINt JHN,https://docs.google.com/spreadsheets/d/1pGXBYLfew01Fol15HVvJ08UNag3guqCAo9nFeNitFkM/edit
SALEM,https://docs.google.com/spreadsheets/d/e/2PACX-1vQwKlt8Fzy9bnhePeOfBKe4sMhzH-Q8ij5eo3qXK134qXzWVIXstQhGbtFZH9bX0g/pubhtml
Selena Gomez [Alt],https://docs.google.com/spreadsheets/d/1-3CH8G-Rbpzya0-Yx5TfdGLsLpzFxmLzoKhxnev7tRU/edit
Shady Records,https://docs.google.com/spreadsheets/u/0/d/1M5XxuiUbx38V0XhxSgO3AiD124S5mLA8mj3C8m-G8Ew/htmlview
shebeel661k,https://docs.google.com/spreadsheets/d/1JNBQwTH-LJ49YPMWZjIwuRWbYo9L2AM9RS5up-LJMA0/edit
Sheck Wes,https://docs.google.com/spreadsheets/d/1DZTmNAHXkuzMnywjgW_GFld-_Wby0ByCu49vpaFNt5A/edit?gid=0
Shed Theory,https://docs.google.com/spreadsheets/d/16tjBtKro4UD8UVAsJdHaeW1J0TDiOU5wxc_mHOdFeUQ/edit?usp=sharing
Sheff G,https://docs.google.com/spreadsheets/d/1VsUkKon5S5SA-XVJ8_sgn44ZiodGaawH3GYujbmp8-c/edit?gid=1199475919
shiey,https://docs.google.com/spreadsheets/d/1RhFKRLKc7PkncRCSspJI5FxvEToiWX37SQzhAuCMkys/edit?gid=766670282
Shoreline Mafia,https://docs.google.com/spreadsheets/d/1bcJGZQsUJ8sf8MQVN8XZSx7K8rcjvr0cH6DwJRsS-xQ/edit?gid=1574243648
Shotgun Willy,https://docs.google.com/spreadsheets/d/1L-aysStieq72VplJO8HKVBMCH_mEPivcHSAq7wyb6bc/edit
Silas,https://docs.google.com/spreadsheets/d/1l1B5jtraBCpUW2ZWks4Ghh1MOqZuDOinXFDeePqvis0/edit
Skaiwater,https://docs.google.com/spreadsheets/d/1P4ArPuRP6_Sq7LErNHptP2ry6fm3lBjHM9Rg47hRwNU/edit?gid=1665643809
Ski Mask the Slump God [Alt #1],https://docs.google.com/spreadsheets/d/1I3WPANypl0dm6XxS8duPz-VuAnU-pFfeeE3cMrxSYug/edit
Ski Mask the Slump God [Alt #2],https://docs.google.com/spreadsheets/d/1wOYfZcP-UGA5xN2AP6UGbFbRGm3ylvCPYDlZhHQ4Iqo/edit
Skrillex,https://docs.google.com/spreadsheets/d/15hYI-8geDvt5ts_ipqRorHbimpgtcLZwJtbCZzj4Gl8/edit?usp=sharing
Slayyyter,https://docs.google.com/spreadsheets/d/1kJBsqYYwEOhJw7yuvRGO47r1xdwxlKuIkWFAjCy5_nU/edit?gid=780455670
Smino,https://docs.google.com/spreadsheets/d/1NLx9U-A_Xi78HlyQzfbLCbAHiyxSk2Jxf06g6J5oypQ/edit?gid=306146520
Smokepurpp,https://docs.google.com/spreadsheets/d/1KrZM7GA-DeWqUWA4vaxYnY7d0rqxaQyuLhW8LUeh8sk/edit
Snoop Dogg,https://docs.google.com/spreadsheets/d/1aBYvCXXRnHKsNL3j-07nASGZcSwY98UAnFa66X0vdJg/edit
SoFaygo,https://docs.google.com/spreadsheets/d/1HISW5L6rWvEW-ZtHrUQRBbjwfOYTrTuzi5fgPkwtObQ/edit
SoGoneSoFlexy,https://docs.google.com/spreadsheets/d/1JncPnYfOuIKXH9fkl6Gru9Sj9aZ6Wk-wKF-Bb90SKms/edit
Sonder,https://docs.google.com/spreadsheets/d/1-zyjhDdgKvCpoVZ2gAJ5NwEdfElp0MPiCGhF-bmTXM8/edit?gid=1880738736
SOPHIE,https://docs.google.com/spreadsheets/d/1to4ZPK7_FRxtLgvDg3mD5YMSTAOMAFyAXquIjYwz-u8/edit
SOPHIE [Alt #1],https://docs.google.com/spreadsheets/d/1eggiBiwifQuWV_gCTifthmbjGF-rXH7pHz6yiLtn8Xk/edit?gid=864950135
SosMula,https://docs.google.com/spreadsheets/d/1g4wGHgo_7bdC_nnWg7BA80cGo1aQV9OE8qtm8dKqUgw/edit
Summer Walker,https://docs.google.com/spreadsheets/d/1z9rWKIcEKxODq_9BdElNAJXffnYhFtrwc1Yzo7_OViM/edit
SZA [Alt #1],https://docs.google.com/spreadsheets/d/11I_l0_yeZE7iwGzmAeWPBs10QWvDmYdwcC7aKz-pfO8/edit
Tate McRae [Alt],https://docs.google.com/spreadsheets/d/1d-NrWj_0FnsXlunShR4cmG_DodPRm5RATs8d22Pjtro/edit
Tay-K,https://docs.google.com/spreadsheets/d/1_JNEFoF3_yuo4bOaA4VtkST1R9JgVeb72t9J1h4uTjM/edit
Taylor Swift [Alt #1],https://docs.google.com/spreadsheets/d/1hXksvQRYqhHMEnF4sK8R66NYR_H1qSnQeUyTTg_uj0Y/edit
Taylor Swift [Alt 2],https://docs.google.com/spreadsheets/d/1jpgnxjwrAKEuhze8UC8r8Ax2ZdNgGRdVZ_REQg3L-hU/edit
Teejayx6 - Kasher Quon - 10kkev,https://docs.google.com/spreadsheets/d/12gM94_cLnTfE7Ue8vpwem2QXYvf_y_k2vECbzYz5twE/edit
Thaiboy Digital,https://docs.google.com/spreadsheets/d/e/2PACX-1vS6kX9D6BPvafzeTXX-QTPlw-sCmcT3S2ILGN7JbyMygBZd0QUfOMv1laweekr3JQSVh7U4c46my2U5/pubhtml
The Avalanches,https://docs.google.com/spreadsheets/d/1dTTzRtVx8iUDViabUwKzCr7jKFIlTho5YMmydnFzKEc/edit?usp=sharing
The Beatles,https://docs.google.com/spreadsheets/d/1y34Zmg8AtI1FZmwOFzUCusLSE3KuwpNKpFdeOQfnuBc/edit?gid=1792554832
The Chainsmokers,https://docs.google.com/spreadsheets/d/1F88FHHxY6fa9Q0jUChoPSn6G1LCtD0P534SqjtHgZw8/edit?gid=503467644
The Kid LAROI,https://docs.google.com/spreadsheets/d/1a8_li_D3rG0iDLqT9AGZsRVojlEyhO_nb735cRpyUvE/edit
The Marias,https://docs.google.com/spreadsheets/d/1-_xigU6uFVV92XUJnEeVOZWiHox95soROW_cJN2lvDE/edit?gid=0
The Notorious B.I.G,https://docs.google.com/spreadsheets/d/1fDQXnTEIqzApYAY7GH6AwZOA2Zmt8TFKiVMyCgBa4iA/edit
The xx,https://docs.google.com/spreadsheets/d/1-44cL1Ofnt1TE8zv3K6DkzNqi7CiRplUTL7fx9zPI-M/edit?gid=0
Thundercat,https://docs.google.com/spreadsheets/u/0/d/1KN1eE89gaCsf8Lh_mnjxjfrz7HNQd7V833uxMPibZkU/htmlview
Tiny Meat Gang,https://docs.google.com/spreadsheets/d/1H6oR0bs1_sNUL-QbqXJwEzTNGBqV_Z7ejGQGbikk37k/edit
Tory Lanez,https://docs.google.com/spreadsheets/d/1wTAafdjDZt4DkKmJ6MTMP4ctJXD5zYDvow0Y4Y6bB0I/edit?usp=sharing
Top Dawg Entertainment,https://docs.google.com/spreadsheets/d/1R6E6ccGMRfKVLWzqJPjXQ0L3Z7FbCiUCdSkF8ApG368/edit?gid=1876057069
TrackerHub,https://docs.google.com/spreadsheets/d/17FyMI6p-sWT7FRmwvdhaRPrJmHHFAHEcYLizXGZ9-ec/edit?usp=sharing
Travis Scott [Alt],https://docs.google.com/spreadsheets/d/1inoc1LL5bKIllJd5ZpllaIfJOMUn0f4S7JED_xH64yQ/edit?gid=335484962
Trippie Redd [Alt #1],https://docs.google.com/spreadsheets/d/1FNvDiC75Fv3wvYBt1SQ9JpF2D5SR-LpPzJg2X7xGYQQ/edit
Troye Sivan,https://docs.google.com/spreadsheets/d/1TdzAx-eOyUjshgX_4vzG6nSO76T3Lv7D3cbjdx5kDIM/edit?usp=sharing
Twenty One Pilots,https://docs.google.com/spreadsheets/d/1-njYcJF1BwZ2auQ46Uz0pMNRwkylxGEKdR2D4oS_sHk/edit?usp=sharing
Twice,https://docs.google.com/spreadsheets/d/1jmc1dG979NvZ7UeAkL-BgFuM193f9xBIaFB9_XlsZ5Y/edit?usp=sharing
Ty Dolla $ign,https://docs.google.com/spreadsheets/u/1/d/1VY2WSxc1Wq9QioBYTxcOor694NUnJV7F-o5z0dYYb4I/edit
Tyla,https://docs.google.com/spreadsheets/d/1md_JK1_qgVPo-OEitBtqvHUg1Yz6egBS3-r-O5g7wvA/edit?usp=sharing
underscores,https://docs.google.com/spreadsheets/d/11rr10x_ZrimdnylZ9ESUVZDkAORPJb7OEb065muZKVY/edit?usp=drivesdk
untiljapan,https://docs.google.com/spreadsheets/d/1XR4A-TAojE_1EUXushbfxoKxjMrh0GcL2Z3XZHKCmbI/edit?gid=42918278
untitled,https://docs.google.com/spreadsheets/d/1Ca3vRAuWXeaRFImLUez7SAkfnRVmlIBlG3bQymOXw2c/edit?usp=drivesdk
UPSAHL,https://docs.google.com/spreadsheets/d/1S-oXxvDMZh2xzvSXrV-Fj69OzRWrZl4xwWHCwz3p8TY/edit
UPSAHL [Alt],https://docs.google.com/spreadsheets/d/1TV_3sdeL4R9zlhQ07A5nEYS6P411TjTiGfTP4-KmZMw/edit?gid=0
Veeze,https://docs.google.com/spreadsheets/d/1abHieI_Uloarr9luFqjONk4giiNBAG9Ok95qb7uKVWM/edit?gid=306146520
Vince Staples,https://docs.google.com/spreadsheets/d/1_NjFkevi7tbhqAGHSfgaEsKrzRgvPePUeCLv0GG2GgU/edit?gid=306146520
Vory,https://docs.google.com/spreadsheets/d/1GkNscF4cMdldugf3gRzVkAXoPHQ67LNv9SHKRuYmr1E/edit?gid=689862787
Weiland,https://docs.google.com/spreadsheets/d/1B4tLycf_6mq_t5e5FqFYHrMO1T9P43hj-eDv_EmL47A/edit
Westside Gunn,https://docs.google.com/spreadsheets/d/1_dFPF4tSdIuwRUj_UXUFz5qeNVJm-9lCl3zhIGXt0wI/edit
Wu-Tang Clan [Alt #1],https://docs.google.com/spreadsheets/d/1IK9NEjkSk9ln_qzfjD41dcMKAlaBMcekTJBQsuTKbS0/edit?usp=sharing
Wu-Tang Clan [Alt #2],https://docs.google.com/spreadsheets/d/11PU52grDwUcblNjO5Fli_CJiBtMyc-11YpJCuW62qTY/edit
XXXTENTACION [Alt],https://docs.google.com/spreadsheets/d/1TiUyuiXWCy5A9VTJJBoCgFqv0YapdjbEPLTrso8CTfs/edit
YNW Melly,https://docs.google.com/spreadsheets/d/12F6NiZjW1jVkWP3Be9auscqfkFIGO617SxPnIAt48Og/edit
Young Nudy,https://docs.google.com/spreadsheets/d/13NdGOf_18SYmKi8oZX97zAGJgv0pJEH59k2Dxj7RkCM/edit
Young Thug [Alt #1],https://docs.google.com/spreadsheets/d/1RWeaWFGEeUfGrVqY4XX0CgMfjlPsM5KHqiKBb8wtXKQ/edit
Yung God,https://docs.google.com/spreadsheets/u/1/d/e/2PACX-1vQWzkfdph1PURT2C0fHNuag4PtW4kULCjzhXUoAypPjPoPStBPKjxHS6zQ67EoJHwpVyBANCnLmZOF4/pubhtml
Yung Lean [Alt #1],https://docs.google.com/spreadsheets/d/1nyJyldGfvH5lc8dh7--NMXbQgCCJ5NEgDZbSJH9Uvws/edit
"=HYPERLINK(""https://docs.google.com/spreadsheets/d/12Chjr-9_ENK5Ek6ScnMBndI_0UudrGfQ7cLCnefbWO8/edit#gid=9032061"",""Zara Larsson"")",
Zayn,https://docs.google.com/spreadsheets/d/15q7YTsbf49pLo80ceW7JLruLr7XzP3NyvypfDyQsJw0/edit
ZillaKami,https://docs.google.com/spreadsheets/d/1WqCclZjeBjJsbW7GWxa1o_hOtu0YqrD3_bm7lZttXU4/edit
